"TIME", "DISTANCE", "CLIENT_1_EID", "CLIENT_1_LAT", "CLIENT_1_LON", "CLIENT_2_EID", "CLIENT_2_LAT", "CLIENT_2_LON"
0.1271200068, 7.494690651, 1, -3.820394, -38.534866, 4445, -3.779676042, -38.55527192
0.218677329, 13.05505083, 1, -3.820394, -38.534866, 4444, -3.749247091, -38.55911361
0.2458607533, 13.95967997, 1, -3.820394, -38.534866, 4443, -3.7253182, -38.539803
0.1704762103, 9.819715529, 1, -3.820394, -38.534866, 4442, -3.7719676, -38.539845
0.2661611358, 15.82334349, 1, -3.820394, -38.534866, 4441, -3.7341975, -38.56422887
0.2410503072, 13.75170433, 1, -3.820394, -38.534866, 4440, -3.740075, -38.55693
0.2487610751, 13.98454941, 1, -3.820394, -38.534866, 4439, -3.733499186, -38.55299787
0.2269228201, 12.99958414, 1, -3.820394, -38.534866, 4438, -3.735272, -38.549522
0.02930146579, 1.145740711, 1, -3.820394, -38.534866, 4437, -3.8177278, -38.541153
0.04438242612, 2.014412657, 1, -3.820394, -38.534866, 4428, -3.8158703, -38.52509
0.06139497653, 3.019504943, 1, -3.820394, -38.534866, 4523, -3.803227, -38.533627
0.2649982014, 15.01429636, 1, -3.820394, -38.534866, 4521, -3.7225583, -38.550312
0.2215769231, 13.40185741, 1, -3.820394, -38.534866, 4425, -3.7313912, -38.544464
0.1950948298, 10.76818631, 1, -3.820394, -38.534866, 4424, -3.764816031, -38.5368652
0.1839041477, 10.67844921, 1, -3.820394, -38.534866, 4519, -3.7579834, -38.55662
0.2331963095, 13.6130427, 1, -3.820394, -38.534866, 4423, -3.746225476, -38.55956213
0.2353052858, 13.82845147, 1, -3.820394, -38.534866, 4422, -3.73041, -38.541225
0.2177379452, 12.67239137, 1, -3.820394, -38.534866, 4517, -3.740209354, -38.54726373
0.2618527557, 14.87503452, 1, -3.820394, -38.534866, 4421, -3.723314723, -38.55054927
0.1964149948, 10.85027653, 1, -3.820394, -38.534866, 4419, -3.7652957, -38.536983
0.2518534404, 14.37570848, 1, -3.820394, -38.534866, 4418, -3.7228465, -38.539024
0.2484853261, 14.25738496, 1, -3.820394, -38.534866, 4417, -3.72425395, -38.54181102
0.175474517, 10.22955155, 1, -3.820394, -38.534866, 4416, -3.7626143, -38.560017
0.1210184609, 7.056626243, 4445, -3.779676042, -38.55527192, 1, -3.820394, -38.534866
0.1087374655, 6.231665198, 4445, -3.779676042, -38.55527192, 4444, -3.749247091, -38.55911361
0.185648326, 8.098794192, 4445, -3.779676042, -38.55527192, 4443, -3.7253182, -38.539803
0.06776050348, 2.910951407, 4445, -3.779676042, -38.55527192, 4442, -3.7719676, -38.539845
0.1562212723, 8.999957859, 4445, -3.779676042, -38.55527192, 4441, -3.7341975, -38.56422887
0.1439370092, 7.526845464, 4445, -3.779676042, -38.55527192, 4440, -3.740075, -38.55693
0.1665047776, 9.870534858, 4445, -3.779676042, -38.55527192, 4439, -3.733499186, -38.55299787
0.1650617412, 7.039779299, 4445, -3.779676042, -38.55527192, 4438, -3.735272, -38.549522
0.142323711, 6.12411315, 4445, -3.779676042, -38.55527192, 4437, -3.8177278, -38.541153
0.1182482867, 6.284608631, 4445, -3.779676042, -38.55527192, 4428, -3.8158703, -38.52509
0.09231473077, 4.826308705, 4445, -3.779676042, -38.55527192, 4523, -3.803227, -38.533627
0.2047857741, 9.153410583, 4445, -3.779676042, -38.55527192, 4521, -3.7225583, -38.550312
0.1613644958, 7.540971631, 4445, -3.779676042, -38.55527192, 4425, -3.7313912, -38.544464
0.09237912292, 3.859422191, 4445, -3.779676042, -38.55527192, 4424, -3.764816031, -38.5368652
0.07511024988, 3.870789174, 4445, -3.779676042, -38.55527192, 4519, -3.7579834, -38.55662
0.123256446, 6.789657071, 4445, -3.779676042, -38.55527192, 4423, -3.746225476, -38.55956213
0.1750928585, 7.96756569, 4445, -3.779676042, -38.55527192, 4422, -3.73041, -38.541225
0.1455573886, 6.901890294, 4445, -3.779676042, -38.55527192, 4517, -3.740209354, -38.54726373
0.2016403284, 9.014148741, 4445, -3.779676042, -38.55527192, 4421, -3.723314723, -38.55054927
0.09369928792, 3.941512404, 4445, -3.779676042, -38.55527192, 4419, -3.7652957, -38.536983
0.1916410131, 8.514822705, 4445, -3.779676042, -38.55527192, 4418, -3.7228465, -38.539024
0.1882728988, 8.396499181, 4445, -3.779676042, -38.55527192, 4417, -3.72425395, -38.54181102
0.0666806192, 3.421891517, 4445, -3.779676042, -38.55527192, 4416, -3.7626143, -38.560017
0.2133610141, 12.55359102, 4444, -3.749247091, -38.55911361, 1, -3.820394, -38.534866
0.1148948078, 6.400424452, 4444, -3.749247091, -38.55911361, 4445, -3.779676042, -38.55527192
0.1205458776, 6.085475626, 4444, -3.749247091, -38.55911361, 4443, -3.7253182, -38.539803
0.1176540263, 4.862926262, 4444, -3.749247091, -38.55911361, 4442, -3.7719676, -38.539845
0.05670366291, 3.117286684, 4444, -3.749247091, -38.55911361, 4441, -3.7341975, -38.56422887
0.04158423009, 1.588644288, 4444, -3.749247091, -38.55911361, 4440, -3.740075, -38.55693
0.0669871682, 3.987863684, 4444, -3.749247091, -38.55911361, 4439, -3.733499186, -38.55299787
0.06478777095, 2.337571999, 4444, -3.749247091, -38.55911361, 4438, -3.735272, -38.549522
0.2346662642, 11.62107793, 4444, -3.749247091, -38.55911361, 4437, -3.8177278, -38.541153
0.21059084, 11.78157341, 4444, -3.749247091, -38.55911361, 4428, -3.8158703, -38.52509
0.184657284, 10.32327349, 4444, -3.749247091, -38.55911361, 4523, -3.803227, -38.533627
0.1157333465, 5.748193121, 4444, -3.749247091, -38.55911361, 4521, -3.7225583, -38.550312
0.08870396316, 3.69957299, 4444, -3.749247091, -38.55911361, 4425, -3.7313912, -38.544464
0.1092952143, 4.472580294, 4444, -3.749247091, -38.55911361, 4424, -3.764816031, -38.5368652
0.04637895501, 2.130012221, 4444, -3.749247091, -38.55911361, 4519, -3.7579834, -38.55662
0.02373883656, 0.9069858966, 4444, -3.749247091, -38.55911361, 4423, -3.746225476, -38.55956213
0.1024323258, 4.126167049, 4444, -3.749247091, -38.55911361, 4422, -3.73041, -38.541225
0.05952472107, 2.153365252, 4444, -3.749247091, -38.55911361, 4517, -3.740209354, -38.54726373
0.1103388732, 5.552804369, 4444, -3.749247091, -38.55911361, 4421, -3.723314723, -38.55054927
0.1106153793, 4.554670508, 4444, -3.749247091, -38.55911361, 4419, -3.7652957, -38.536983
0.1261386811, 5.067126048, 4444, -3.749247091, -38.55911361, 4418, -3.7228465, -38.539024
0.1227705668, 4.948802524, 4444, -3.749247091, -38.55911361, 4417, -3.72425395, -38.54181102
0.05788975377, 2.53289017, 4444, -3.749247091, -38.55911361, 4416, -3.7626143, -38.560017
0.2406425348, 13.75370056, 4443, -3.7253182, -38.539803, 1, -3.820394, -38.534866
0.1799940663, 8.152486741, 4443, -3.7253182, -38.539803, 4445, -3.779676042, -38.55527192
0.1077272859, 5.660435352, 4443, -3.7253182, -38.539803, 4444, -3.749247091, -38.55911361
0.1435944974, 6.780100484, 4443, -3.7253182, -38.539803, 4442, -3.7719676, -38.539845
0.07617819056, 3.878700512, 4443, -3.7253182, -38.539803, 4441, -3.7341975, -38.56422887
0.07995979977, 3.819560227, 4443, -3.7253182, -38.539803, 4440, -3.740075, -38.55693
0.07081988732, 3.783434815, 4443, -3.7253182, -38.539803, 4439, -3.733499186, -38.55299787
0.06018483821, 2.887848466, 4443, -3.7253182, -38.539803, 4438, -3.735272, -38.549522
0.2679947795, 14.66248799, 4443, -3.7253182, -38.539803, 4437, -3.8177278, -38.541153
0.2378723606, 12.98168294, 4443, -3.7253182, -38.539803, 4428, -3.8158703, -38.52509
0.2327328651, 12.97369452, 4443, -3.7253182, -38.539803, 4523, -3.803227, -38.533627
0.05863626445, 2.576600644, 4443, -3.7253182, -38.539803, 4521, -3.7225583, -38.550312
0.03113707272, 1.416065438, 4443, -3.7253182, -38.539803, 4425, -3.7313912, -38.544464
0.1257426715, 5.996115767, 4443, -3.7253182, -38.539803, 4424, -3.764816031, -38.5368652
0.1146240166, 5.366491794, 4443, -3.7253182, -38.539803, 4519, -3.7579834, -38.55662
0.1055670949, 4.765086409, 4443, -3.7253182, -38.539803, 4423, -3.746225476, -38.55956213
0.02682999113, 1.153484806, 4443, -3.7253182, -38.539803, 4422, -3.73041, -38.541225
0.07439812394, 3.019992172, 4443, -3.7253182, -38.539803, 4517, -3.740209354, -38.54726373
0.057578054, 2.185599388, 4443, -3.7253182, -38.539803, 4421, -3.723314723, -38.55054927
0.1217165699, 5.929501728, 4443, -3.7253182, -38.539803, 4419, -3.7652957, -38.536983
0.0338186253, 1.391883528, 4443, -3.7253182, -38.539803, 4418, -3.7228465, -38.539024
0.030450511, 1.273560004, 4443, -3.7253182, -38.539803, 4417, -3.72425395, -38.54181102
0.1269768953, 6.295817541, 4443, -3.7253182, -38.539803, 4416, -3.7626143, -38.560017
0.1782593935, 10.0273175, 4442, -3.7719676, -38.539845, 1, -3.820394, -38.534866
0.07722706482, 3.370239212, 4442, -3.7719676, -38.539845, 4445, -3.779676042, -38.55527192
0.1181736076, 5.055711148, 4442, -3.7719676, -38.539845, 4444, -3.749247091, -38.55911361
0.1482184493, 7.085336955, 4442, -3.7719676, -38.539845, 4443, -3.7253182, -38.539803
0.1656574144, 7.824003809, 4442, -3.7719676, -38.539845, 4441, -3.7341975, -38.56422887
0.1417593517, 6.778442254, 4442, -3.7719676, -38.539845, 4440, -3.740075, -38.55693
0.1494701196, 7.011287333, 4442, -3.7719676, -38.539845, 4439, -3.733499186, -38.55299787
0.1276318645, 6.026322062, 4442, -3.7719676, -38.539845, 4438, -3.735272, -38.549522
0.1995646436, 9.09480441, 4442, -3.7719676, -38.539845, 4437, -3.8177278, -38.541153
0.1754892193, 9.255299891, 4442, -3.7719676, -38.539845, 4428, -3.8158703, -38.52509
0.1495556634, 7.796999965, 4442, -3.7719676, -38.539845, 4523, -3.803227, -38.533627
0.1673558974, 8.139953346, 4442, -3.7719676, -38.539845, 4521, -3.7225583, -38.550312
0.1239346191, 6.527514394, 4442, -3.7719676, -38.539845, 4425, -3.7313912, -38.544464
0.02913604941, 1.278732583, 4442, -3.7719676, -38.539845, 4424, -3.764816031, -38.5368652
0.07771354557, 2.954241471, 4442, -3.7719676, -38.539845, 4519, -3.7579834, -38.55662
0.132692588, 5.613703021, 4442, -3.7719676, -38.539845, 4423, -3.746225476, -38.55956213
0.1376629818, 6.954108453, 4442, -3.7719676, -38.539845, 4422, -3.73041, -38.541225
0.1184469896, 5.699129292, 4442, -3.7719676, -38.539845, 4517, -3.740209354, -38.54726373
0.1642104517, 8.000691504, 4442, -3.7719676, -38.539845, 4421, -3.723314723, -38.55054927
0.03045621441, 1.360822797, 4442, -3.7719676, -38.539845, 4419, -3.7652957, -38.536983
0.1542111364, 7.501365468, 4442, -3.7719676, -38.539845, 4418, -3.7228465, -38.539024
0.1508430221, 7.383041944, 4442, -3.7719676, -38.539845, 4417, -3.72425395, -38.54181102
0.07379206197, 3.460492054, 4442, -3.7719676, -38.539845, 4416, -3.7626143, -38.560017
0.2520738841, 15.03662224, 4441, -3.7341975, -38.56422887, 1, -3.820394, -38.534866
0.1536076778, 8.883455667, 4441, -3.7341975, -38.56422887, 4445, -3.779676042, -38.55527192
0.0572185639, 3.153044139, 4441, -3.7341975, -38.56422887, 4444, -3.749247091, -38.55911361
0.0922567748, 4.443872197, 4441, -3.7341975, -38.56422887, 4443, -3.7253182, -38.539803
0.1563668963, 7.345957478, 4441, -3.7341975, -38.56422887, 4442, -3.7719676, -38.539845
0.03943381184, 1.752832552, 4441, -3.7341975, -38.56422887, 4440, -3.740075, -38.55693
0.03029389939, 1.71670714, 4441, -3.7341975, -38.56422887, 4439, -3.733499186, -38.55299787
0.04464859115, 2.320183659, 4441, -3.7341975, -38.56422887, 4438, -3.735272, -38.549522
0.2733791342, 14.10410915, 4441, -3.7341975, -38.56422887, 4437, -3.8177278, -38.541153
0.2493037099, 14.26460463, 4441, -3.7341975, -38.56422887, 4428, -3.8158703, -38.52509
0.223370154, 12.8063047, 4441, -3.7341975, -38.56422887, 4523, -3.803227, -38.533627
0.0787125118, 3.176440301, 4441, -3.7341975, -38.56422887, 4521, -3.7225583, -38.550312
0.05347506904, 3.101103038, 4441, -3.7341975, -38.56422887, 4425, -3.7313912, -38.544464
0.1480080842, 6.95561151, 4441, -3.7341975, -38.56422887, 4424, -3.764816031, -38.5368652
0.08509182499, 4.613043436, 4441, -3.7341975, -38.56422887, 4519, -3.7579834, -38.55662
0.05025446807, 1.939058318, 4441, -3.7341975, -38.56422887, 4423, -3.746225476, -38.55956213
0.06720343172, 3.527697097, 4441, -3.7341975, -38.56422887, 4422, -3.73041, -38.541225
0.0654868736, 2.997852811, 4441, -3.7341975, -38.56422887, 4517, -3.740209354, -38.54726373
0.07331803851, 2.981051549, 4441, -3.7341975, -38.56422887, 4421, -3.723314723, -38.55054927
0.1463560189, 7.178601976, 4441, -3.7341975, -38.56422887, 4419, -3.7652957, -38.536983
0.09090978701, 4.468656096, 4441, -3.7341975, -38.56422887, 4418, -3.7228465, -38.539024
0.08754167271, 4.350332572, 4441, -3.7341975, -38.56422887, 4417, -3.72425395, -38.54181102
0.09660262375, 5.015921385, 4441, -3.7341975, -38.56422887, 4416, -3.7626143, -38.560017
0.2357195599, 13.49933223, 4440, -3.740075, -38.55693, 1, -3.820394, -38.534866
0.1530602697, 7.798416343, 4440, -3.740075, -38.55693, 4445, -3.779676042, -38.55527192
0.04392217153, 1.753565102, 4440, -3.740075, -38.55693, 4444, -3.749247091, -38.55911361
0.09241734767, 4.163346672, 4440, -3.740075, -38.55693, 4443, -3.7253182, -38.539803
0.1386715225, 6.525732159, 4440, -3.740075, -38.55693, 4442, -3.7719676, -38.539845
0.04118941744, 1.826243118, 4440, -3.740075, -38.55693, 4441, -3.7341975, -38.56422887
0.03045447227, 1.436181616, 4440, -3.740075, -38.55693, 4439, -3.733499186, -38.55299787
0.03393153635, 1.459211431, 4440, -3.740075, -38.55693, 4438, -3.735272, -38.549522
0.2630718046, 14.40811967, 4440, -3.740075, -38.55693, 4437, -3.8177278, -38.541153
0.2329493858, 12.72731462, 4440, -3.740075, -38.55693, 4428, -3.8158703, -38.52509
0.2228227459, 11.72126538, 4440, -3.740075, -38.55693, 4523, -3.803227, -38.533627
0.08974497832, 3.478940055, 4440, -3.740075, -38.55693, 4521, -3.7225583, -38.550312
0.05363564191, 2.820577513, 4440, -3.740075, -38.55693, 4425, -3.7313912, -38.544464
0.1208196966, 5.741747441, 4440, -3.740075, -38.55693, 4424, -3.764816031, -38.5368652
0.08454441691, 3.528004112, 4440, -3.740075, -38.55693, 4519, -3.7579834, -38.55662
0.03380670612, 1.39952381, 4440, -3.740075, -38.55693, 4423, -3.746225476, -38.55956213
0.06736400459, 3.247171572, 4440, -3.740075, -38.55693, 4422, -3.73041, -38.541225
0.03235385917, 1.43164812, 4440, -3.740075, -38.55693, 4517, -3.740209354, -38.54726373
0.08435050502, 3.283551303, 4440, -3.740075, -38.55693, 4421, -3.723314723, -38.55054927
0.116793595, 5.675133402, 4440, -3.740075, -38.55693, 4419, -3.7652957, -38.536983
0.09107035989, 4.188130572, 4440, -3.740075, -38.55693, 4418, -3.7228465, -38.539024
0.08770224559, 4.069807048, 4440, -3.740075, -38.55693, 4417, -3.72425395, -38.54181102
0.09605521568, 3.930882061, 4440, -3.740075, -38.55693, 4416, -3.7626143, -38.560017
0.2367046977, 13.50909046, 4439, -3.733499186, -38.55299787, 1, -3.820394, -38.534866
0.170709941, 7.239828295, 4439, -3.733499186, -38.55299787, 4445, -3.779676042, -38.55527192
0.0706498322, 2.658353279, 4439, -3.733499186, -38.55299787, 4444, -3.749247091, -38.55911361
0.06367948869, 2.950161854, 4439, -3.733499186, -38.55299787, 4443, -3.7253182, -38.539803
0.1396566603, 6.535490389, 4439, -3.733499186, -38.55299787, 4442, -3.7719676, -38.539845
0.05525659223, 2.371606616, 4439, -3.733499186, -38.55299787, 4441, -3.7341975, -38.56422887
0.04024192185, 1.768565208, 4439, -3.733499186, -38.55299787, 4440, -3.740075, -38.55693
0.01607130504, 0.8264733162, 4439, -3.733499186, -38.55299787, 4438, -3.735272, -38.549522
0.2640569424, 14.4178779, 4439, -3.733499186, -38.55299787, 4437, -3.8177278, -38.541153
0.2339345236, 12.73707285, 4439, -3.733499186, -38.55299787, 4428, -3.8158703, -38.52509
0.2287950281, 12.72908443, 4439, -3.733499186, -38.55299787, 4523, -3.803227, -38.533627
0.06831906123, 3.219831646, 4439, -3.733499186, -38.55299787, 4521, -3.7225583, -38.550312
0.02489778293, 1.607392695, 4439, -3.733499186, -38.55299787, 4425, -3.7313912, -38.544464
0.1218048344, 5.751505672, 4439, -3.733499186, -38.55299787, 4424, -3.764816031, -38.5368652
0.1027288868, 4.085303744, 4439, -3.733499186, -38.55299787, 4519, -3.7579834, -38.55662
0.06424695545, 2.434252587, 4439, -3.733499186, -38.55299787, 4423, -3.746225476, -38.55956213
0.03862614561, 2.033986754, 4439, -3.733499186, -38.55299787, 4422, -3.73041, -38.541225
0.03690958749, 1.504142468, 4439, -3.733499186, -38.55299787, 4517, -3.740209354, -38.54726373
0.06517361556, 3.080569805, 4439, -3.733499186, -38.55299787, 4421, -3.723314723, -38.55054927
0.1177787328, 5.684891633, 4439, -3.733499186, -38.55299787, 4419, -3.7652957, -38.536983
0.0623325009, 2.974945753, 4439, -3.733499186, -38.55299787, 4418, -3.7228465, -38.539024
0.0589643866, 2.856622229, 4439, -3.733499186, -38.55299787, 4417, -3.72425395, -38.54181102
0.1150817655, 5.014629491, 4439, -3.733499186, -38.55299787, 4416, -3.7626143, -38.560017
0.2266309541, 12.88613739, 4438, -3.735272, -38.549522, 1, -3.820394, -38.534866
0.1659824856, 7.284923575, 4438, -3.735272, -38.549522, 4445, -3.779676042, -38.55527192
0.06630188973, 2.473735502, 4438, -3.735272, -38.549522, 4444, -3.749247091, -38.55911361
0.06623258249, 2.845542509, 4438, -3.735272, -38.549522, 4443, -3.7253182, -38.539803
0.1295829167, 5.912537318, 4438, -3.735272, -38.549522, 4442, -3.7719676, -38.539845
0.05469168371, 2.264484119, 4438, -3.735272, -38.549522, 4441, -3.7341975, -38.56422887
0.03589397937, 1.58394743, 4438, -3.735272, -38.549522, 4440, -3.740075, -38.55693
0.02698861241, 1.123571174, 4438, -3.735272, -38.549522, 4439, -3.733499186, -38.55299787
0.2539831988, 13.79492483, 4438, -3.735272, -38.549522, 4437, -3.8177278, -38.541153
0.2238607799, 12.11411978, 4438, -3.735272, -38.549522, 4428, -3.8158703, -38.52509
0.2187212844, 12.10613135, 4438, -3.735272, -38.549522, 4523, -3.803227, -38.533627
0.07087215503, 3.115212302, 4438, -3.735272, -38.549522, 4521, -3.7225583, -38.550312
0.02745087673, 1.50277335, 4438, -3.735272, -38.549522, 4425, -3.7313912, -38.544464
0.1117310908, 5.1285526, 4438, -3.735272, -38.549522, 4424, -3.764816031, -38.5368652
0.09838094428, 3.900685967, 4438, -3.735272, -38.549522, 4519, -3.7579834, -38.55662
0.05989901297, 2.24963481, 4438, -3.735272, -38.549522, 4423, -3.746225476, -38.55956213
0.04117923941, 1.929367409, 4438, -3.735272, -38.549522, 4422, -3.73041, -38.541225
0.03256164501, 1.319524691, 4438, -3.735272, -38.549522, 4517, -3.740209354, -38.54726373
0.06772670936, 2.97595046, 4438, -3.735272, -38.549522, 4421, -3.723314723, -38.55054927
0.1077049892, 5.061938561, 4438, -3.735272, -38.549522, 4419, -3.7652957, -38.536983
0.0648855947, 2.870326408, 4438, -3.735272, -38.549522, 4418, -3.7228465, -38.539024
0.0615174804, 2.752002885, 4438, -3.735272, -38.549522, 4417, -3.72425395, -38.54181102
0.110733823, 4.830011714, 4438, -3.735272, -38.549522, 4416, -3.7626143, -38.560017
0.036735282, 1.57901169, 4437, -3.8177278, -38.541153, 1, -3.820394, -38.534866
0.1363264347, 6.421035472, 4437, -3.8177278, -38.541153, 4445, -3.779676042, -38.55527192
0.2278837569, 11.98139565, 4437, -3.8177278, -38.541153, 4444, -3.749247091, -38.55911361
0.2691196871, 14.62286875, 4437, -3.8177278, -38.541153, 4443, -3.7253182, -38.539803
0.1796826382, 8.746060351, 4437, -3.8177278, -38.541153, 4442, -3.7719676, -38.539845
0.2753675637, 14.74968831, 4437, -3.8177278, -38.541153, 4441, -3.7341975, -38.56422887
0.2630833005, 13.27657592, 4437, -3.8177278, -38.541153, 4440, -3.740075, -38.55693
0.2720200089, 14.6477382, 4437, -3.8177278, -38.541153, 4439, -3.733499186, -38.55299787
0.2501817539, 13.66277293, 4437, -3.8177278, -38.541153, 4438, -3.735272, -38.549522
0.06764135994, 2.677601442, 4437, -3.8177278, -38.541153, 4428, -3.8158703, -38.52509
0.06289388348, 2.271285917, 4437, -3.8177278, -38.541153, 4523, -3.803227, -38.533627
0.2882571352, 15.67748514, 4437, -3.8177278, -38.541153, 4521, -3.7225583, -38.550312
0.2448358569, 14.06504619, 4437, -3.8177278, -38.541153, 4425, -3.7313912, -38.544464
0.2043012576, 9.694531135, 4437, -3.8177278, -38.541153, 4424, -3.764816031, -38.5368652
0.1931105756, 9.604794027, 4437, -3.8177278, -38.541153, 4519, -3.7579834, -38.55662
0.2424027373, 12.53938752, 4437, -3.8177278, -38.541153, 4423, -3.746225476, -38.55956213
0.2585642196, 14.49164025, 4437, -3.8177278, -38.541153, 4422, -3.73041, -38.541225
0.240996879, 13.33558016, 4437, -3.8177278, -38.541153, 4517, -3.740209354, -38.54726373
0.2851116896, 15.5382233, 4437, -3.8177278, -38.541153, 4421, -3.723314723, -38.55054927
0.2056214226, 9.776621349, 4437, -3.8177278, -38.541153, 4419, -3.7652957, -38.536983
0.2751123742, 15.03889726, 4437, -3.8177278, -38.541153, 4418, -3.7228465, -38.539024
0.27174426, 14.92057374, 4437, -3.8177278, -38.541153, 4417, -3.72425395, -38.54181102
0.1846809449, 9.155896371, 4437, -3.8177278, -38.541153, 4416, -3.7626143, -38.560017
0.04032150773, 1.770749228, 4428, -3.8158703, -38.52509, 1, -3.820394, -38.534866
0.1222975366, 6.634790054, 4428, -3.8158703, -38.52509, 4445, -3.779676042, -38.55527192
0.2138548588, 12.19515023, 4428, -3.8158703, -38.52509, 4444, -3.749247091, -38.55911361
0.2410382831, 13.09977937, 4428, -3.8158703, -38.52509, 4443, -3.7253182, -38.539803
0.1656537401, 8.959814933, 4428, -3.8158703, -38.52509, 4442, -3.7719676, -38.539845
0.2613386656, 14.96344289, 4428, -3.8158703, -38.52509, 4441, -3.7341975, -38.56422887
0.236227837, 12.89180374, 4428, -3.8158703, -38.52509, 4440, -3.740075, -38.55693
0.2439386049, 13.12464882, 4428, -3.8158703, -38.52509, 4439, -3.733499186, -38.55299787
0.2221003499, 12.13968354, 4428, -3.8158703, -38.52509, 4438, -3.735272, -38.549522
0.06767375242, 2.679536667, 4428, -3.8158703, -38.52509, 4437, -3.8177278, -38.541153
0.0597516288, 2.816361499, 4428, -3.8158703, -38.52509, 4523, -3.803227, -38.533627
0.2601757312, 14.15439576, 4428, -3.8158703, -38.52509, 4521, -3.7225583, -38.550312
0.2167544529, 12.54195681, 4428, -3.8158703, -38.52509, 4425, -3.7313912, -38.544464
0.1902723596, 9.908285717, 4428, -3.8158703, -38.52509, 4424, -3.764816031, -38.5368652
0.1790816775, 9.818548609, 4428, -3.8158703, -38.52509, 4519, -3.7579834, -38.55662
0.2283738393, 12.75314211, 4428, -3.8158703, -38.52509, 4423, -3.746225476, -38.55956213
0.2304828156, 12.96855087, 4428, -3.8158703, -38.52509, 4422, -3.73041, -38.541225
0.212915475, 11.81249077, 4428, -3.8158703, -38.52509, 4517, -3.740209354, -38.54726373
0.2570302856, 14.01513392, 4428, -3.8158703, -38.52509, 4421, -3.723314723, -38.55054927
0.1915925246, 9.99037593, 4428, -3.8158703, -38.52509, 4419, -3.7652957, -38.536983
0.2470309702, 13.51580788, 4428, -3.8158703, -38.52509, 4418, -3.7228465, -38.539024
0.2436628559, 13.39748436, 4428, -3.8158703, -38.52509, 4417, -3.72425395, -38.54181102
0.1706520468, 9.369650953, 4428, -3.8158703, -38.52509, 4416, -3.7626143, -38.560017
0.0564734084, 2.741872844, 4523, -3.803227, -38.533627, 1, -3.820394, -38.534866
0.09093593236, 4.822933477, 4523, -3.803227, -38.533627, 4445, -3.779676042, -38.55527192
0.1824932545, 10.38329366, 4523, -3.803227, -38.533627, 4444, -3.749247091, -38.55911361
0.2361859627, 13.08885715, 4523, -3.803227, -38.533627, 4443, -3.7253182, -38.539803
0.1342921358, 7.147958355, 4523, -3.803227, -38.533627, 4442, -3.7719676, -38.539845
0.2299770613, 13.15158632, 4523, -3.803227, -38.533627, 4441, -3.7341975, -38.56422887
0.2176927982, 11.67847392, 4523, -3.803227, -38.533627, 4440, -3.740075, -38.55693
0.2390862845, 13.11372659, 4523, -3.803227, -38.533627, 4439, -3.733499186, -38.55299787
0.2172480295, 12.12876132, 4523, -3.803227, -38.533627, 4438, -3.735272, -38.549522
0.06289388348, 2.271285917, 4523, -3.803227, -38.533627, 4437, -3.8177278, -38.541153
0.05393494086, 2.447195921, 4523, -3.803227, -38.533627, 4428, -3.8158703, -38.52509
0.2553234108, 14.14347354, 4523, -3.803227, -38.533627, 4521, -3.7225583, -38.550312
0.2119021325, 12.53103459, 4523, -3.803227, -38.533627, 4425, -3.7313912, -38.544464
0.1589107553, 8.096429139, 4523, -3.803227, -38.533627, 4424, -3.764816031, -38.5368652
0.1477200732, 8.006692032, 4523, -3.803227, -38.533627, 4519, -3.7579834, -38.55662
0.197012235, 10.94128553, 4523, -3.803227, -38.533627, 4423, -3.746225476, -38.55956213
0.2256304952, 12.95762865, 4523, -3.803227, -38.533627, 4422, -3.73041, -38.541225
0.2080631546, 11.80156855, 4523, -3.803227, -38.533627, 4517, -3.740209354, -38.54726373
0.2521779652, 14.0042117, 4523, -3.803227, -38.533627, 4421, -3.723314723, -38.55054927
0.1602309203, 8.178519353, 4523, -3.803227, -38.533627, 4419, -3.7652957, -38.536983
0.2421786498, 13.50488566, 4523, -3.803227, -38.533627, 4418, -3.7228465, -38.539024
0.2388105355, 13.38656214, 4523, -3.803227, -38.533627, 4417, -3.72425395, -38.54181102
0.1392904425, 7.557794375, 4523, -3.803227, -38.533627, 4416, -3.7626143, -38.560017
0.2674504356, 15.10392087, 4521, -3.7225583, -38.550312, 1, -3.820394, -38.534866
0.2031454685, 8.369415899, 4521, -3.7225583, -38.550312, 4445, -3.779676042, -38.55527192
0.1030853597, 3.787940883, 4521, -3.7225583, -38.550312, 4444, -3.749247091, -38.55911361
0.05411678248, 2.378956125, 4521, -3.7225583, -38.550312, 4443, -3.7253182, -38.539803
0.1704023982, 8.130320799, 4521, -3.7225583, -38.550312, 4442, -3.7719676, -38.539845
0.06450018487, 2.946912966, 4521, -3.7225583, -38.550312, 4441, -3.7341975, -38.56422887
0.06828179408, 2.887772681, 4521, -3.7225583, -38.550312, 4440, -3.740075, -38.55693
0.05914188163, 2.851647269, 4521, -3.7225583, -38.550312, 4439, -3.733499186, -38.55299787
0.04850683251, 1.95606092, 4521, -3.7225583, -38.550312, 4438, -3.735272, -38.549522
0.2948026803, 16.01270831, 4521, -3.7225583, -38.550312, 4437, -3.8177278, -38.541153
0.2646802614, 14.33190326, 4521, -3.7225583, -38.550312, 4428, -3.8158703, -38.52509
0.2595407659, 14.32391483, 4521, -3.7225583, -38.550312, 4523, -3.803227, -38.533627
0.0573333104, 2.736980299, 4521, -3.7225583, -38.550312, 4425, -3.7313912, -38.544464
0.1525505723, 7.346336081, 4521, -3.7225583, -38.550312, 4424, -3.764816031, -38.5368652
0.1351644142, 5.214891348, 4521, -3.7225583, -38.550312, 4519, -3.7579834, -38.55662
0.09388908924, 3.833298863, 4521, -3.7225583, -38.550312, 4423, -3.746225476, -38.55956213
0.05363789194, 2.503705121, 4521, -3.7225583, -38.550312, 4422, -3.73041, -38.541225
0.06934511496, 2.633730072, 4521, -3.7225583, -38.550312, 4517, -3.740209354, -38.54726373
0.00503509897, 0.2881658366, 4521, -3.7225583, -38.550312, 4421, -3.723314723, -38.55054927
0.1485244707, 7.279722042, 4521, -3.7225583, -38.550312, 4419, -3.7652957, -38.536983
0.04627921162, 2.104641144, 4521, -3.7225583, -38.550312, 4418, -3.7228465, -38.539024
0.04291109733, 1.986317621, 4521, -3.7225583, -38.550312, 4417, -3.72425395, -38.54181102
0.1467950098, 7.432009181, 4521, -3.7225583, -38.550312, 4416, -3.7626143, -38.560017
0.2371325133, 13.83339106, 4425, -3.7313912, -38.544464, 1, -3.820394, -38.534866
0.1764840448, 8.232177249, 4425, -3.7313912, -38.544464, 4445, -3.779676042, -38.55527192
0.08402082932, 3.447335185, 4425, -3.7313912, -38.544464, 4444, -3.749247091, -38.55911361
0.05064346793, 1.927286993, 4425, -3.7313912, -38.544464, 4443, -3.7253182, -38.539803
0.1400844758, 6.859790992, 4425, -3.7313912, -38.544464, 4442, -3.7719676, -38.539845
0.04543565451, 2.606307268, 4425, -3.7313912, -38.544464, 4441, -3.7341975, -38.56422887
0.04921726372, 2.547166984, 4425, -3.7313912, -38.544464, 4440, -3.740075, -38.55693
0.04007735127, 2.511041571, 4425, -3.7313912, -38.544464, 4439, -3.733499186, -38.55299787
0.02944230216, 1.615455222, 4425, -3.7313912, -38.544464, 4438, -3.735272, -38.549522
0.264484758, 14.7421785, 4425, -3.7313912, -38.544464, 4437, -3.8177278, -38.541153
0.2343623391, 13.06137345, 4425, -3.7313912, -38.544464, 4428, -3.8158703, -38.52509
0.2292228436, 13.05338503, 4425, -3.7313912, -38.544464, 4523, -3.803227, -38.533627
0.04381581497, 1.756111146, 4425, -3.7313912, -38.544464, 4521, -3.7225583, -38.550312
0.1222326499, 6.075806275, 4425, -3.7313912, -38.544464, 4424, -3.764816031, -38.5368652
0.111113995, 5.446182302, 4425, -3.7313912, -38.544464, 4519, -3.7579834, -38.55662
0.07482455888, 3.492693165, 4425, -3.7313912, -38.544464, 4423, -3.746225476, -38.55956213
0.02396782752, 1.001712569, 4425, -3.7313912, -38.544464, 4422, -3.73041, -38.541225
0.0502805846, 2.293124374, 4425, -3.7313912, -38.544464, 4517, -3.740209354, -38.54726373
0.04067036931, 1.616849304, 4425, -3.7313912, -38.544464, 4421, -3.723314723, -38.55054927
0.1182065484, 6.009192235, 4425, -3.7313912, -38.544464, 4419, -3.7652957, -38.536983
0.04767418281, 1.942671568, 4425, -3.7313912, -38.544464, 4418, -3.7228465, -38.539024
0.04430606851, 1.824348045, 4425, -3.7313912, -38.544464, 4417, -3.72425395, -38.54181102
0.1234668738, 6.375508049, 4425, -3.7313912, -38.544464, 4416, -3.7626143, -38.560017
0.1913104257, 10.63073284, 4424, -3.764816031, -38.5368652, 1, -3.820394, -38.534866
0.09027809699, 3.973654551, 4424, -3.764816031, -38.5368652, 4445, -3.779676042, -38.55527192
0.1103657793, 4.629853471, 4424, -3.764816031, -38.5368652, 4444, -3.749247091, -38.55911361
0.1285147511, 6.164201217, 4424, -3.764816031, -38.5368652, 4443, -3.7253182, -38.539803
0.02858053413, 1.291837759, 4424, -3.764816031, -38.5368652, 4442, -3.7719676, -38.539845
0.1492720387, 8.06901373, 4424, -3.764816031, -38.5368652, 4441, -3.7341975, -38.56422887
0.1220556534, 5.857306516, 4424, -3.764816031, -38.5368652, 4440, -3.740075, -38.55693
0.1297664214, 6.090151594, 4424, -3.764816031, -38.5368652, 4439, -3.733499186, -38.55299787
0.1079281663, 5.105186324, 4424, -3.764816031, -38.5368652, 4438, -3.735272, -38.549522
0.2126156758, 9.69821975, 4424, -3.764816031, -38.5368652, 4437, -3.8177278, -38.541153
0.1885402515, 9.85871523, 4424, -3.764816031, -38.5368652, 4428, -3.8158703, -38.52509
0.1626066955, 8.400415304, 4424, -3.764816031, -38.5368652, 4523, -3.803227, -38.533627
0.1476521992, 7.218817607, 4424, -3.764816031, -38.5368652, 4521, -3.7225583, -38.550312
0.1042309209, 5.606378656, 4424, -3.764816031, -38.5368652, 4425, -3.7313912, -38.544464
0.07835141197, 2.854893342, 4424, -3.764816031, -38.5368652, 4519, -3.7579834, -38.55662
0.1221048222, 4.501478843, 4424, -3.764816031, -38.5368652, 4423, -3.746225476, -38.55956213
0.1179592836, 6.032972715, 4424, -3.764816031, -38.5368652, 4422, -3.73041, -38.541225
0.09874329141, 4.777993553, 4424, -3.764816031, -38.5368652, 4517, -3.740209354, -38.54726373
0.1445067535, 7.079555766, 4424, -3.764816031, -38.5368652, 4421, -3.723314723, -38.55054927
0.004795923866, 0.2737417612, 4424, -3.764816031, -38.5368652, 4419, -3.7652957, -38.536983
0.1345074382, 6.580229729, 4424, -3.764816031, -38.5368652, 4418, -3.7228465, -38.539024
0.1311393239, 6.461906206, 4424, -3.764816031, -38.5368652, 4417, -3.72425395, -38.54181102
0.08684309415, 4.063907393, 4424, -3.764816031, -38.5368652, 4416, -3.7626143, -38.560017
0.183584172, 10.02395875, 4519, -3.7579834, -38.55662, 1, -3.820394, -38.534866
0.08255184326, 3.36688046, 4519, -3.7579834, -38.55662, 4445, -3.779676042, -38.55527192
0.04255628475, 2.120895375, 4519, -3.7579834, -38.55662, 4444, -3.749247091, -38.55911361
0.1204348876, 5.575526711, 4519, -3.7579834, -38.55662, 4443, -3.7253182, -38.539803
0.07434135374, 2.910233926, 4519, -3.7579834, -38.55662, 4442, -3.7719676, -38.539845
0.09004009156, 4.889188037, 4519, -3.7579834, -38.55662, 4441, -3.7341975, -38.56422887
0.07775582841, 3.416075641, 4519, -3.7579834, -38.55662, 4440, -3.740075, -38.55693
0.1003235969, 5.759765036, 4519, -3.7579834, -38.55662, 4439, -3.733499186, -38.55299787
0.09881073299, 4.507447773, 4519, -3.7579834, -38.55662, 4438, -3.735272, -38.549522
0.204889422, 9.091445658, 4519, -3.7579834, -38.55662, 4437, -3.8177278, -38.541153
0.1808139978, 9.251941139, 4519, -3.7579834, -38.55662, 4428, -3.8158703, -38.52509
0.1548804418, 7.793641213, 4519, -3.7579834, -38.55662, 4523, -3.803227, -38.533627
0.1395723357, 6.630143102, 4519, -3.7579834, -38.55662, 4521, -3.7225583, -38.550312
0.09615105744, 5.01770415, 4519, -3.7579834, -38.55662, 4425, -3.7313912, -38.544464
0.07489738383, 2.734580143, 4519, -3.7579834, -38.55662, 4424, -3.764816031, -38.5368652
0.05707526521, 2.678887249, 4519, -3.7579834, -38.55662, 4423, -3.746225476, -38.55956213
0.1098794201, 5.444298209, 4519, -3.7579834, -38.55662, 4422, -3.73041, -38.541225
0.07905561735, 3.205315087, 4519, -3.7579834, -38.55662, 4517, -3.740209354, -38.54726373
0.1364268901, 6.49088126, 4519, -3.7579834, -38.55662, 4421, -3.723314723, -38.55054927
0.07621754883, 2.816670357, 4519, -3.7579834, -38.55662, 4419, -3.7652957, -38.536983
0.1264275748, 5.991555224, 4519, -3.7579834, -38.55662, 4418, -3.7228465, -38.539024
0.1230594605, 5.8732317, 4519, -3.7579834, -38.55662, 4417, -3.72425395, -38.54181102
0.02857906212, 1.070267163, 4519, -3.7579834, -38.55662, 4416, -3.7626143, -38.560017
0.2224192227, 12.87062832, 4423, -3.746225476, -38.55956213, 1, -3.820394, -38.534866
0.1239530164, 6.71746175, 4423, -3.746225476, -38.55956213, 4445, -3.779676042, -38.55527192
0.01327396819, 0.5345888836, 4423, -3.746225476, -38.55956213, 4444, -3.749247091, -38.55911361
0.1224144467, 5.263021494, 4423, -3.746225476, -38.55956213, 4443, -3.7253182, -38.539803
0.1247594514, 4.808860551, 4423, -3.746225476, -38.55956213, 4442, -3.7719676, -38.539845
0.05228641345, 1.918141211, 4423, -3.746225476, -38.55956213, 4441, -3.7341975, -38.56422887
0.03212247042, 1.285316539, 4423, -3.746225476, -38.55956213, 4440, -3.740075, -38.55693
0.06045157134, 2.535856438, 4423, -3.746225476, -38.55956213, 4439, -3.733499186, -38.55299787
0.06151195936, 2.236267484, 4423, -3.746225476, -38.55956213, 4438, -3.735272, -38.549522
0.2437244728, 11.93811523, 4423, -3.746225476, -38.55956213, 4437, -3.8177278, -38.541153
0.2196490486, 12.09861071, 4423, -3.746225476, -38.55956213, 4428, -3.8158703, -38.52509
0.1937154926, 10.64031078, 4423, -3.746225476, -38.55956213, 4523, -3.803227, -38.533627
0.1172543276, 5.611649419, 4423, -3.746225476, -38.55956213, 4521, -3.7225583, -38.550312
0.08363274099, 3.920252335, 4423, -3.746225476, -38.55956213, 4425, -3.7313912, -38.544464
0.1112188775, 4.037454852, 4423, -3.746225476, -38.55956213, 4424, -3.764816031, -38.5368652
0.05543716359, 2.447049519, 4423, -3.746225476, -38.55956213, 4519, -3.7579834, -38.55662
0.09736110367, 4.346846394, 4423, -3.746225476, -38.55956213, 4422, -3.73041, -38.541225
0.05662389406, 2.051836295, 4423, -3.746225476, -38.55956213, 4517, -3.740209354, -38.54726373
0.1118598543, 5.416260667, 4423, -3.746225476, -38.55956213, 4421, -3.723314723, -38.55054927
0.1125390425, 4.119545066, 4423, -3.746225476, -38.55956213, 4419, -3.7652957, -38.536983
0.121067459, 5.287805393, 4423, -3.746225476, -38.55956213, 4418, -3.7228465, -38.539024
0.1176993447, 5.16948187, 4423, -3.746225476, -38.55956213, 4417, -3.72425395, -38.54181102
0.06694796235, 2.849927468, 4423, -3.746225476, -38.55956213, 4416, -3.7626143, -38.560017
0.2244573883, 13.40256382, 4422, -3.73041, -38.541225, 1, -3.820394, -38.534866
0.1638089198, 7.801350009, 4422, -3.73041, -38.541225, 4445, -3.779676042, -38.55527192
0.09154213938, 5.309298621, 4422, -3.73041, -38.541225, 4444, -3.749247091, -38.55911361
0.04397824716, 1.706806407, 4422, -3.73041, -38.541225, 4443, -3.7253182, -38.539803
0.1274093509, 6.428963752, 4422, -3.73041, -38.541225, 4442, -3.7719676, -38.539845
0.05588754256, 3.109486131, 4422, -3.73041, -38.541225, 4441, -3.7341975, -38.56422887
0.05966915177, 3.050345846, 4422, -3.73041, -38.541225, 4440, -3.740075, -38.55693
0.05052923932, 3.014220434, 4422, -3.73041, -38.541225, 4439, -3.733499186, -38.55299787
0.03989419021, 2.118634085, 4422, -3.73041, -38.541225, 4438, -3.735272, -38.549522
0.251809633, 14.31135126, 4422, -3.73041, -38.541225, 4437, -3.8177278, -38.541153
0.2216872141, 12.63054621, 4422, -3.73041, -38.541225, 4428, -3.8158703, -38.52509
0.2165477186, 12.62255779, 4422, -3.73041, -38.541225, 4523, -3.803227, -38.533627
0.05406915367, 2.127780135, 4422, -3.73041, -38.541225, 4521, -3.7225583, -38.550312
0.01084642472, 0.6468510572, 4422, -3.73041, -38.541225, 4425, -3.7313912, -38.544464
0.109557525, 5.644979035, 4422, -3.73041, -38.541225, 4424, -3.764816031, -38.5368652
0.09843887007, 5.015355062, 4422, -3.73041, -38.541225, 4519, -3.7579834, -38.55662
0.08527644693, 3.995872028, 4422, -3.73041, -38.541225, 4423, -3.746225476, -38.55956213
0.05410747594, 2.250777791, 4422, -3.73041, -38.541225, 4517, -3.740209354, -38.54726373
0.050923708, 1.988518293, 4422, -3.73041, -38.541225, 4421, -3.723314723, -38.55054927
0.1055314234, 5.578364996, 4422, -3.73041, -38.541225, 4419, -3.7652957, -38.536983
0.04100896203, 1.722190983, 4422, -3.73041, -38.541225, 4418, -3.7228465, -38.539024
0.03764084774, 1.603867459, 4422, -3.73041, -38.541225, 4417, -3.72425395, -38.54181102
0.1107917488, 5.944680809, 4422, -3.73041, -38.541225, 4416, -3.7626143, -38.560017
0.2193095556, 12.61713045, 4517, -3.740209354, -38.54726373, 1, -3.820394, -38.534866
0.1380938784, 5.955959207, 4517, -3.740209354, -38.54726373, 4445, -3.779676042, -38.55527192
0.06071615869, 2.195065558, 4517, -3.740209354, -38.54726373, 4444, -3.749247091, -38.55911361
0.08381360232, 3.262607993, 4517, -3.740209354, -38.54726373, 4443, -3.7253182, -38.539803
0.1112735813, 4.852519044, 4517, -3.740209354, -38.54726373, 4442, -3.7719676, -38.539845
0.07439378008, 3.121303944, 4517, -3.740209354, -38.54726373, 4441, -3.7341975, -38.56422887
0.0414037736, 1.749058454, 4517, -3.740209354, -38.54726373, 4440, -3.740075, -38.55693
0.04911454154, 1.981903533, 4517, -3.740209354, -38.54726373, 4439, -3.733499186, -38.55299787
0.03368040254, 1.248814084, 4517, -3.740209354, -38.54726373, 4438, -3.735272, -38.549522
0.2466618003, 13.52591789, 4517, -3.740209354, -38.54726373, 4437, -3.8177278, -38.541153
0.2165393815, 11.84511284, 4517, -3.740209354, -38.54726373, 4428, -3.8158703, -38.52509
0.2097528235, 11.75560619, 4517, -3.740209354, -38.54726373, 4523, -3.803227, -38.533627
0.08845317485, 3.532277785, 4517, -3.740209354, -38.54726373, 4521, -3.7225583, -38.550312
0.04503189655, 1.919838834, 4517, -3.740209354, -38.54726373, 4425, -3.7313912, -38.544464
0.09629503097, 4.063923752, 4517, -3.740209354, -38.54726373, 4424, -3.764816031, -38.5368652
0.07063241459, 3.035897131, 4517, -3.740209354, -38.54726373, 4519, -3.7579834, -38.55662
0.05895942907, 2.133580006, 4517, -3.740209354, -38.54726373, 4423, -3.746225476, -38.55956213
0.05876025924, 2.346432893, 4517, -3.740209354, -38.54726373, 4422, -3.73041, -38.541225
0.08530772919, 3.393015943, 4517, -3.740209354, -38.54726373, 4421, -3.723314723, -38.55054927
0.09226892942, 3.997309713, 4517, -3.740209354, -38.54726373, 4419, -3.7652957, -38.536983
0.08246661453, 3.287391892, 4517, -3.740209354, -38.54726373, 4418, -3.7228465, -38.539024
0.07909850023, 3.169068368, 4517, -3.740209354, -38.54726373, 4417, -3.72425395, -38.54181102
0.08298529331, 3.965222877, 4517, -3.740209354, -38.54726373, 4416, -3.7626143, -38.560017
0.2660980591, 15.01465032, 4421, -3.723314723, -38.55054927, 1, -3.820394, -38.534866
0.2017930919, 8.280145351, 4421, -3.723314723, -38.55054927, 4445, -3.779676042, -38.55527192
0.1017329831, 3.698670335, 4421, -3.723314723, -38.55054927, 4444, -3.749247091, -38.55911361
0.05276440594, 2.289685577, 4421, -3.723314723, -38.55054927, 4443, -3.7253182, -38.539803
0.1690500216, 8.041050251, 4421, -3.723314723, -38.55054927, 4442, -3.7719676, -38.539845
0.06314780833, 2.857642418, 4421, -3.723314723, -38.55054927, 4441, -3.7341975, -38.56422887
0.06692941754, 2.798502133, 4421, -3.723314723, -38.55054927, 4440, -3.740075, -38.55693
0.05778950509, 2.762376721, 4421, -3.723314723, -38.55054927, 4439, -3.733499186, -38.55299787
0.04715445598, 1.866790372, 4421, -3.723314723, -38.55054927, 4438, -3.735272, -38.549522
0.2934503038, 15.92343776, 4421, -3.723314723, -38.55054927, 4437, -3.8177278, -38.541153
0.2633278849, 14.24263271, 4421, -3.723314723, -38.55054927, 4428, -3.8158703, -38.52509
0.2581883894, 14.23464429, 4421, -3.723314723, -38.55054927, 4523, -3.803227, -38.533627
0.0166851123, 0.6831501909, 4421, -3.723314723, -38.55054927, 4521, -3.7225583, -38.550312
0.05598093387, 2.647709751, 4421, -3.723314723, -38.55054927, 4425, -3.7313912, -38.544464
0.1511981957, 7.257065533, 4421, -3.723314723, -38.55054927, 4424, -3.764816031, -38.5368652
0.1338120377, 5.1256208, 4421, -3.723314723, -38.55054927, 4519, -3.7579834, -38.55662
0.0925367127, 3.744028315, 4421, -3.723314723, -38.55054927, 4423, -3.746225476, -38.55956213
0.05228551541, 2.414434573, 4421, -3.723314723, -38.55054927, 4422, -3.73041, -38.541225
0.06799273843, 2.544459524, 4421, -3.723314723, -38.55054927, 4517, -3.740209354, -38.54726373
0.1471720942, 7.190451494, 4421, -3.723314723, -38.55054927, 4419, -3.7652957, -38.536983
0.04492683509, 2.015370596, 4421, -3.723314723, -38.55054927, 4418, -3.7228465, -38.539024
0.04155872079, 1.897047073, 4421, -3.723314723, -38.55054927, 4417, -3.72425395, -38.54181102
0.1454426332, 7.342738633, 4421, -3.723314723, -38.55054927, 4416, -3.7626143, -38.560017
0.1896416484, 10.58771268, 4419, -3.7652957, -38.536983, 1, -3.820394, -38.534866
0.08860931973, 3.93063439, 4419, -3.7652957, -38.536983, 4445, -3.779676042, -38.55527192
0.111680228, 4.723472984, 4419, -3.7652957, -38.536983, 4444, -3.749247091, -38.55911361
0.1298291998, 6.25782073, 4419, -3.7652957, -38.536983, 4443, -3.7253182, -38.539803
0.02691175688, 1.248817598, 4419, -3.7652957, -38.536983, 4442, -3.7719676, -38.539845
0.1505864874, 8.162633243, 4419, -3.7652957, -38.536983, 4441, -3.7341975, -38.56422887
0.1233701022, 5.950926029, 4419, -3.7652957, -38.536983, 4440, -3.740075, -38.55693
0.1310808701, 6.183771107, 4419, -3.7652957, -38.536983, 4439, -3.733499186, -38.55299787
0.109242615, 5.198805837, 4419, -3.7652957, -38.536983, 4438, -3.735272, -38.549522
0.2109468985, 9.655199589, 4419, -3.7652957, -38.536983, 4437, -3.8177278, -38.541153
0.1868714742, 9.815695069, 4419, -3.7652957, -38.536983, 4428, -3.8158703, -38.52509
0.1609379183, 8.357395143, 4419, -3.7652957, -38.536983, 4523, -3.803227, -38.533627
0.1489666479, 7.312437121, 4419, -3.7652957, -38.536983, 4521, -3.7225583, -38.550312
0.1055453696, 5.699998169, 4419, -3.7652957, -38.536983, 4425, -3.7313912, -38.544464
0.01579365445, 0.6807588614, 4419, -3.7652957, -38.536983, 4424, -3.764816031, -38.5368652
0.07668263471, 2.811873181, 4419, -3.7652957, -38.536983, 4519, -3.7579834, -38.55662
0.123419271, 4.595098356, 4419, -3.7652957, -38.536983, 4423, -3.746225476, -38.55956213
0.1192737323, 6.126592228, 4419, -3.7652957, -38.536983, 4422, -3.73041, -38.541225
0.1000577401, 4.871613067, 4419, -3.7652957, -38.536983, 4517, -3.740209354, -38.54726373
0.1458212022, 7.173175279, 4419, -3.7652957, -38.536983, 4421, -3.723314723, -38.55054927
0.1358218869, 6.673849243, 4419, -3.7652957, -38.536983, 4418, -3.7228465, -38.539024
0.1324537726, 6.555525719, 4419, -3.7652957, -38.536983, 4417, -3.72425395, -38.54181102
0.08517431689, 4.020887232, 4419, -3.7652957, -38.536983, 4416, -3.7626143, -38.560017
0.2495741521, 14.06630717, 4418, -3.7228465, -38.539024, 1, -3.820394, -38.534866
0.1889256836, 8.465093352, 4418, -3.7228465, -38.539024, 4445, -3.779676042, -38.55527192
0.1166589032, 5.973041963, 4418, -3.7228465, -38.539024, 4444, -3.749247091, -38.55911361
0.008664593428, 0.3732607737, 4418, -3.7228465, -38.539024, 4443, -3.7253182, -38.539803
0.1525261147, 7.092707095, 4418, -3.7228465, -38.539024, 4442, -3.7719676, -38.539845
0.08510980787, 4.191307122, 4418, -3.7228465, -38.539024, 4441, -3.7341975, -38.56422887
0.08889141708, 4.132166837, 4418, -3.7228465, -38.539024, 4440, -3.740075, -38.55693
0.07975150463, 4.096041425, 4418, -3.7228465, -38.539024, 4439, -3.733499186, -38.55299787
0.06911645552, 3.200455076, 4418, -3.7228465, -38.539024, 4438, -3.735272, -38.549522
0.2769263968, 14.97509461, 4418, -3.7228465, -38.539024, 4437, -3.8177278, -38.541153
0.2468039779, 13.29428955, 4418, -3.7228465, -38.539024, 4428, -3.8158703, -38.52509
0.2416644824, 13.28630113, 4418, -3.7228465, -38.539024, 4523, -3.803227, -38.533627
0.03811271382, 1.743034997, 4418, -3.7228465, -38.539024, 4521, -3.7225583, -38.550312
0.04006869003, 1.728672048, 4418, -3.7228465, -38.539024, 4425, -3.7313912, -38.544464
0.1346742888, 6.308722377, 4418, -3.7228465, -38.539024, 4424, -3.764816031, -38.5368652
0.1235556339, 5.679098404, 4418, -3.7228465, -38.539024, 4519, -3.7579834, -38.55662
0.1144987122, 5.077693019, 4418, -3.7228465, -38.539024, 4423, -3.746225476, -38.55956213
0.03576160844, 1.466091417, 4418, -3.7228465, -38.539024, 4422, -3.73041, -38.541225
0.08332974125, 3.332598782, 4418, -3.7228465, -38.539024, 4517, -3.740209354, -38.54726373
0.04114491322, 1.851070359, 4418, -3.7228465, -38.539024, 4421, -3.723314723, -38.55054927
0.1306481872, 6.242108338, 4418, -3.7228465, -38.539024, 4419, -3.7652957, -38.536983
0.01416165548, 0.6652373821, 4418, -3.7228465, -38.539024, 4417, -3.72425395, -38.54181102
0.1359085126, 6.608424151, 4418, -3.7228465, -38.539024, 4416, -3.7626143, -38.560017
0.2397684566, 13.85823183, 4417, -3.72425395, -38.54181102, 1, -3.820394, -38.534866
0.1791199881, 8.257018011, 4417, -3.72425395, -38.54181102, 4445, -3.779676042, -38.55527192
0.1068532077, 5.764966622, 4417, -3.72425395, -38.54181102, 4444, -3.749247091, -38.55911361
0.02643480348, 1.13326708, 4417, -3.72425395, -38.54181102, 4443, -3.7253182, -38.539803
0.1427204192, 6.884631754, 4417, -3.72425395, -38.54181102, 4442, -3.7719676, -38.539845
0.07530411237, 3.983231781, 4417, -3.72425395, -38.54181102, 4441, -3.7341975, -38.56422887
0.07908572158, 3.924091497, 4417, -3.72425395, -38.54181102, 4440, -3.740075, -38.55693
0.06994580913, 3.887966084, 4417, -3.72425395, -38.54181102, 4439, -3.733499186, -38.55299787
0.05931076001, 2.992379735, 4417, -3.72425395, -38.54181102, 4438, -3.735272, -38.549522
0.2671207013, 14.76701926, 4417, -3.72425395, -38.54181102, 4437, -3.8177278, -38.541153
0.2369982824, 13.08621421, 4417, -3.72425395, -38.54181102, 4428, -3.8158703, -38.52509
0.2318587869, 13.07822579, 4417, -3.72425395, -38.54181102, 4523, -3.803227, -38.533627
0.0344455759, 1.53360441, 4417, -3.72425395, -38.54181102, 4521, -3.7225583, -38.550312
0.03026299453, 1.520596707, 4417, -3.72425395, -38.54181102, 4425, -3.7313912, -38.544464
0.1248685933, 6.100647036, 4417, -3.72425395, -38.54181102, 4424, -3.764816031, -38.5368652
0.1137499384, 5.471023064, 4417, -3.72425395, -38.54181102, 4519, -3.7579834, -38.55662
0.1046930167, 4.869617678, 4417, -3.72425395, -38.54181102, 4423, -3.746225476, -38.55956213
0.02595591294, 1.258016076, 4417, -3.72425395, -38.54181102, 4422, -3.73041, -38.541225
0.07352404574, 3.124523441, 4417, -3.72425395, -38.54181102, 4517, -3.740209354, -38.54726373
0.03130013024, 1.394342568, 4417, -3.72425395, -38.54181102, 4421, -3.723314723, -38.55054927
0.1208424917, 6.034032997, 4417, -3.72425395, -38.54181102, 4419, -3.7652957, -38.536983
0.01859723262, 0.8589520995, 4417, -3.72425395, -38.54181102, 4418, -3.7228465, -38.539024
0.1261028171, 6.40034881, 4417, -3.72425395, -38.54181102, 4416, -3.7626143, -38.560017
0.1785414716, 9.826445841, 4416, -3.7626143, -38.560017, 1, -3.820394, -38.534866
0.0775091429, 3.16936755, 4416, -3.7626143, -38.560017, 4445, -3.779676042, -38.55527192
0.06154773355, 2.78559608, 4416, -3.7626143, -38.560017, 4444, -3.749247091, -38.55911361
0.1383534145, 6.522510992, 4416, -3.7626143, -38.560017, 4443, -3.7253182, -38.539803
0.08052123572, 2.983848225, 4416, -3.7626143, -38.560017, 4442, -3.7719676, -38.539845
0.1090315404, 5.553888741, 4416, -3.7626143, -38.560017, 4441, -3.7341975, -38.56422887
0.09674727721, 4.080776345, 4416, -3.7626143, -38.560017, 4440, -3.740075, -38.55693
0.1193150457, 6.42446574, 4416, -3.7626143, -38.560017, 4439, -3.733499186, -38.55299787
0.1167292598, 5.454432054, 4416, -3.7626143, -38.560017, 4438, -3.735272, -38.549522
0.1998467217, 8.893932749, 4416, -3.7626143, -38.560017, 4437, -3.8177278, -38.541153
0.1757712974, 9.054428229, 4416, -3.7626143, -38.560017, 4428, -3.8158703, -38.52509
0.1498377414, 7.596128303, 4416, -3.7626143, -38.560017, 4523, -3.803227, -38.533627
0.1574908626, 7.577127383, 4416, -3.7626143, -38.560017, 4521, -3.7225583, -38.550312
0.1140695843, 5.964688431, 4416, -3.7626143, -38.560017, 4425, -3.7313912, -38.544464
0.0904022998, 3.42129724, 4416, -3.7626143, -38.560017, 4424, -3.764816031, -38.5368652
0.02652700546, 1.121198248, 4416, -3.7626143, -38.560017, 4519, -3.7579834, -38.55662
0.07606671401, 3.343587953, 4416, -3.7626143, -38.560017, 4423, -3.746225476, -38.55956213
0.127797947, 6.39128249, 4416, -3.7626143, -38.560017, 4422, -3.73041, -38.541225
0.09697414417, 4.152299368, 4416, -3.7626143, -38.560017, 4517, -3.740209354, -38.54726373
0.1543454169, 7.437865541, 4416, -3.7626143, -38.560017, 4421, -3.723314723, -38.55054927
0.0917224648, 3.503387454, 4416, -3.7626143, -38.560017, 4419, -3.7652957, -38.536983
0.1443461016, 6.938539505, 4416, -3.7626143, -38.560017, 4418, -3.7228465, -38.539024
0.1409779873, 6.820215981, 4416, -3.7626143, -38.560017, 4417, -3.72425395, -38.54181102
