"EID", "ID"
1,166646
4478,166648
4477,166650
4476,166652
4436,166654
4435,166656
4434,166658
4433,166660
4432,166662
4431,166664
4430,166666
4429,166668
4427,166670
4426,166672
4420,166674
4534,166676
4533,166678
4532,166680
4531,166682
4530,166684
4529,166686
4528,166688
4527,166690
4526,166692
4525,166694
4524,166696
4522,166698
4520,166700
4518,166702
4516,166704
4515,166706
4514,166708
4513,166710
4512,166712
4511,166714
4510,166716
4509,166718
4508,166720
4507,166722
4506,166724
4505,166726
4504,166728
4503,166730
4502,166732
4501,166734
4500,166736
4498,166738
4497,166740
4495,166742
4494,166744
4493,166746
4492,166748
4491,166750
4483,166752
4481,166754
